"Analysis","Tests","Bonferroni_threshold","Lambda_GC","Significant_SNPs"
"PC1",67735,7.38170812726065e-07,4.60917276479663,2485
"PC2",67735,7.38170812726065e-07,2.55262293599559,118
